Category,Direction,Set,Primer,Seq
5' RACE,5' primers,,Read1_TS,CTACACTCTTTCCCTACACGACGCTCTTCCGATCTNNNNNNNNNNNNrGrGrGrGrG
5' RACE,5' primers,,Read1U,CTACACTCTTTCCCTACACGACGCTCTTCCGATCT
5' RACE,3' primers,,Ma_IgM_RACE_in,CAGACGTGTGCTCTTCCGATCTAACGGGGCATTCTCACAGGAGACGAGGGGGAAAAG
5' RACE,3' primers,,Ma_IgM_RACE_out,GCCAACGGCCACTTCGTTTGTATCCAA
5' MTPX,3' primers,,Ma_IgM_MTPX,GGAGTTCAGACGTGTGCTCTTCCGATCTHHHHHACAHHHHHACAHHHHNCACTTCGTTTGTATCCAACGGGGCATTCTC
5' MTPX,3' primers,,Read2U,GGAGTTCAGACGTGTGCTCTTCCGATCT
5' MTPX,5' primers,Leader,Ma_VHL_MTPX_1,CTACACTCTTTCCCTACACGACGCTCTTCCGATCTATGGACTGGACCTGGAGGCTCCTC
5' MTPX,5' primers,Leader,Ma_VHL_MTPX_2,CTACACTCTTTCCCTACACGACGCTCTTCCGATCTATGGACTTGACCTGGAAGATCCTC
5' MTPX,5' primers,Leader,Ma_VHL_MTPX_3,CTACACTCTTTCCCTACACGACGCTCTTCCGATCTATGGACTGGACCTGGAGGATCCTC
5' MTPX,5' primers,Leader,Ma_VHL_MTPX_4,CTACACTCTTTCCCTACACGACGCTCTTCCGATCTATGGACACGCTYTGCTCCACGCTCCTGC
5' MTPX,5' primers,Leader,Ma_VHL_MTPX_5,CTACACTCTTTCCCTACACGACGCTCTTCCGATCTATGGACACGCTTTGCTACACACTCCTGC
5' MTPX,5' primers,Leader,Ma_VHL_MTPX_6,CTACACTCTTTCCCTACACGACGCTCTTCCGATCTCCTGTGCCCCACCATGGACACG
5' MTPX,5' primers,Leader,Ma_VHL_MTPX_7,CTACACTCTTTCCCTACACGACGCTCTTCCGATCTATGGACACGCTTTGCTYCACGCTCCTGC
5' MTPX,5' primers,Leader,Ma_VHL_MTPX_8,CTACACTCTTTCCCTACACGACGCTCTTCCGATCTATGGAGTTTGKSCTGAGCTGGGTTTTCCT
5' MTPX,5' primers,Leader,Ma_VHL_MTPX_9,CTACACTCTTTCCCTACACGACGCTCTTCCGATCTGAGACGCACCATGGAGTTTGTGCTGAG
5' MTPX,5' primers,Leader,Ma_VHL_MTPX_10,CTACACTCTTTCCCTACACGACGCTCTTCCGATCTATGGAATTTRGGCYGAGCTGGGTTTTCCT
5' MTPX,5' primers,Leader,Ma_VHL_MTPX_11,CTACACTCTTTCCCTACACGACGCTCTTCCGATCTATGGARTTTGTGCTGAGCTKGGTTTTCCT
5' MTPX,5' primers,Leader,Ma_VHL_MTPX_12,CTACACTCTTTCCCTACACGACGCTCTTCCGATCTATGGAATTTAGGCTGAGCTGGGTTTTCCT
5' MTPX,5' primers,Leader,Ma_VHL_MTPX_13,CTACACTCTTTCCCTACACGACGCTCTTCCGATCTATGGMGTTGGGGCTGAGCTGGGTTTTCCT
5' MTPX,5' primers,Leader,Ma_VHL_MTPX_14,CTACACTCTTTCCCTACACGACGCTCTTCCGATCTATGGAGTCTGGGCTGAGCTGGGTTTTCCT
5' MTPX,5' primers,Leader,Ma_VHL_MTPX_15,CTACACTCTTTCCCTACACGACGCTCTTCCGATCTATGAAGCACCTGTGGTTCTTCCTCCTCCTG
5' MTPX,5' primers,Leader,Ma_VHL_MTPX_16,CTACACTCTTTCCCTACACGACGCTCTTCCGATCTATGAAGCACCTGTGGTTCTTCCTTCTCCTG
5' MTPX,5' primers,Leader,Ma_VHL_MTPX_17,CTACACTCTTTCCCTACACGACGCTCTTCCGATCTATGAAGCACCTGTGGKTCTTCTTCCTCCTG
5' MTPX,5' primers,Leader,Ma_VHL_MTPX_18,CTACACTCTTTCCCTACACGACGCTCTTCCGATCTATGAAGCATCTGTGGTTCTTCCTCCTCCTG
5' MTPX,5' primers,Leader,Ma_VHL_MTPX_19,CTACACTCTTTCCCTACACGACGCTCTTCCGATCTATGGGGTCAACTGCCATCCTCGCCCTC
5' MTPX,5' primers,Leader,Ma_VHL_MTPX_20,0CTACACTCTTTCCCTACACGACGCTCTTCCGATCTATGGGGTCAACTGCCATCCTCACCCTC
5' MTPX,5' primers,Leader,Ma_VHL_MTPX_21,CTACACTCTTTCCCTACACGACGCTCTTCCGATCTATGTCTGTCTCCTTCCTCATCGTCCTCC
5' MTPX,5' primers,Leader,Ma_VHL_MTPX_22,CTACACTCTTTCCCTACACGACGCTCTTCCGATCTCCAGGCAATGTCTGTCTCCTTCCTC
5' MTPX,5' primers,Leader,Ma_VHL_MTPX_23,CTACACTCTTTCCCTACACGACGCTCTTCCGATCTGGCAGTCAGCAGAGCTCCAGGC
5' MTPX,5' primers,Leader,Ma_VHL_MTPX_24,CTACACTCTTTCCCTACACGACGCTCTTCCGATCTATGGACTGGACCTGGAGGATCCTCTTCTTG
5' MTPX,5' primers,Leader,Ma_VHL_MTPX_25,CTACACTCTTTCCCTACACGACGCTCTTCCGATCTATGGACCTCACCTGGAGCATCCTTTTCTTG
5' MTPX,5' primers,UTR,Ma_VHU_MTPX_1,CTACACTCTTTCCCTACACGACGCTCTTCCGATCTCCCCAGAGCACAGCACCTCAYC
5' MTPX,5' primers,UTR,Ma_VHU_MTPX_2,CTACACTCTTTCCCTACACGACGCTCTTCCGATCTCCCTGGAACTGCAGCTCCTCACC
5' MTPX,5' primers,UTR,Ma_VHU_MTPX_3,CTACACTCTTTCCCTACACGACGCTCTTCCGATCTCCCTGGGARCACAGCTCATCACC
5' MTPX,5' primers,UTR,Ma_VHU_MTPX_4,CTACACTCTTTCCCTACACGACGCTCTTCCGATCTGCCCCTGAGAGGAAAGCTCTTCACC
5' MTPX,5' primers,UTR,Ma_VHU_MTPX_5,CTACACTCTTTCCCTACACGACGCTCTTCCGATCTGCCCCTGAGAGCACAGTTTCTCACC
5' MTPX,5' primers,UTR,Ma_VHU_MTPX_6,CTACACTCTTTCCCTACACGACGCTCTTCCGATCTCCTGTGCCCCACCATGGACACG
5' MTPX,5' primers,UTR,Ma_VHU_MTPX_7,CTACACTCTTTCCCTACACGACGCTCTTCCGATCTCACAGARGACCCACCATGGAGTTGG
5' MTPX,5' primers,UTR,Ma_VHU_MTPX_8,CTACACTCTTTCCCTACACGACGCTCTTCCGATCTCACARAGGACTCACCATGGAGTTGG
5' MTPX,5' primers,UTR,Ma_VHU_MTPX_9,CTTTCCCTACACGACGCTCTTCCGATCTCCATTCGGTGATCAGCACWGAACACAG
5' MTPX,5' primers,UTR,Ma_VHU_MTPX_10,CTTTCCCTACACGACGCTCTTCCGATCTGATTYCCAGCYGTCTCCACTTGGTGATC
5' MTPX,5' primers,UTR,Ma_VHU_MTPX_11,CTTTCCCTACACGACGCTCTTCCGATCTGATCAGCACTGAACACARAACTCACCTGG
5' MTPX,5' primers,UTR,Ma_VHU_MTPX_12,CTTTCCCTACACGACGCTCTTCCGATCTGATCAGCACTGAASACAGARGACTCACC
5' MTPX,5' primers,UTR,Ma_VHU_MTPX_13,CTTTCCCTACACGACGCTCTTCCGATCTGATCAGCACTGAACACAGAAGACTCATCATGG
5' MTPX,5' primers,UTR,Ma_VHU_MTPX_14,CTTTCCCTACACGACGCTCTTCCGATCTGTTTCCACTTGGTGAYCAGCACTGAACAC
5' MTPX,5' primers,UTR,Ma_VHU_MTPX_15,CTTTCCCTACACGACGCTCTTCCGATCTGCAGCAGTTTCCACYTGGTGACCAGC
5' MTPX,5' primers,UTR,Ma_VHU_MTPX_16,CTTTCCCTACACGACGCTCTTCCGATCTCCAGKAGTTTCCACTTGGTGACCAGC
5' MTPX,5' primers,UTR,Ma_VHU_MTPX_17,CTTTCCCTACACGACGCTCTTCCGATCTGATCAGCACTAAACACAGAACAYACCATGGAG
5' MTPX,5' primers,UTR,Ma_VHU_MTPX_18,CTACACTCTTTCCCTACACGACGCTCTTCCGATCTGAGCACAGAGGACGCAYCATGGAG
5' MTPX,5' primers,UTR,Ma_VHU_MTPX_19,CTTTCCCTACACGACGCTCTTCCGATCTGGAGACCCAGACCTGGCATTTTCAGG
5' MTPX,5' primers,UTR,Ma_VHU_MTPX_20,CTTTCCCTACACGACGCTCTTCCGATCTGATCAGGACTGCACACAGGACTCACC
5' MTPX,5' primers,UTR,Ma_VHU_MTPX_21,CTTTCCCTACACGACGCTCTTCCGATCTGGTGATCAGCACCAAACACAGAAGACTCAC
5' MTPX,5' primers,UTR,Ma_VHU_MTPX_22,CTTTCCCTACACGACGCTCTTCCGATCTGATCAGSACTGAACACACAGGACTCACC
5' MTPX,5' primers,UTR,Ma_VHU_MTPX_23,CTTTCCCTACACGACGCTCTTCCGATCTGCACTGAACACAGACCACCAACCATGG
5' MTPX,5' primers,UTR,Ma_VHU_MTPX_24,CTTTCCCTACACGACGCTCTTCCGATCTCCCAGACCTGGSATTTTCAGGTGTTTTC
5' MTPX,5' primers,UTR,Ma_VHU_MTPX_25,CTTTCCCTACACGACGCTCTTCCGATCTGGATTCCCAGGCGTTTCCACTCAGTG
5' MTPX,5' primers,UTR,Ma_VHU_MTPX_26,CTTTCCCTACACGACGCTCTTCCGATCTCTCCACTTGGTCATGAACACTGAACWCAG
5' MTPX,5' primers,UTR,Ma_VHU_MTPX_27,CTTTCCCTACACGACGCTCTTCCGATCTGAGAGTCACGGACATCCTGTGCAAGAAC
5' MTPX,5' primers,UTR,Ma_VHU_MTPX_28,CTTTCCCTACACGACGCTCTTCCGATCTGAGAGTCAYGGACCTCCTGTGCAAGAAC
5' MTPX,5' primers,UTR,Ma_VHU_MTPX_29,CTTTCCCTACACGACGCTCTTCCGATCTGAGAGTYAYGGACATCCTGTGCAAGAAC
5' MTPX,5' primers,UTR,Ma_VHU_MTPX_30,CTTTCCCTACACGACGCTCTTCCGATCTGAGAGTCATGGACCTWCTGTGCAAGAAC
5' MTPX,5' primers,UTR,Ma_VHU_MTPX_31,CTTTCCCTACACGACGCTCTTCCGATCTCAGTGCTTCATTTCTGTCCTCCACCACG
5' MTPX,5' primers,UTR,Ma_VHU_MTPX_32,CTTTCCCTACACGACGCTCTTCCGATCTGTGCTTCCTTTTCTGTCCTCCACCACG
5' MTPX,5' primers,UTR,Ma_VHU_MTPX_33,CTACACTCTTTCCCTACACGACGCTCTTCCGATCTGGCAGTCAGCAGAGCTCCAGRC
5' MTPX,5' primers,UTR,Ma_VHU_MTPX_34,CTACACTCTTTCCCTACACGACGCTCTTCCGATCTGCCCCTAGATCACAGCTCCTTGCC
5' MTPX,5' primers,UTR,Ma_VHU_MTPX_35,CTACACTCTTTCCCTACACGACGCTCTTCCGATCTCCCCTAGTGCACAGCTCCTCACC
